params,mean_test_score,std_test_score
{'max_depth': 3},0.8250980305451849,0.026384284544846134
{'max_depth': 5},0.8033312978299427,0.038314503606325795
{'max_depth': 7},0.765465140600642,0.04557719340282253
{'max_depth': 10},0.7360305051768466,0.02592278394445964
{'max_depth': 15},0.732355947776002,0.03627814688396972
{'max_depth': None},0.7312523188945953,0.03585155504085059
