params,mean_test_score,std_test_score
{'reg_param': 0.3},0.8966830208835628,0.024957684466414217
{'reg_param': 0.1},0.8941957620819408,0.025274004412819673
{'reg_param': 0.5},0.8928393096414776,0.022753416555939706
{'reg_param': 0.7},0.8859381529842235,0.021412127168683442
{'reg_param': 0.0},,
