params,mean_test_score,std_test_score
{'solver': 'lsqr'},0.8994798095611104,0.022842168405838612
{'solver': 'svd'},0.8993672462236149,0.022353630467335267
