params,mean_test_score,std_test_score
{'n_neighbors': 21},0.8927551205193481,0.03251448380202107
{'n_neighbors': 11},0.8889950298622384,0.029140833132973394
{'n_neighbors': 15},0.8876158991064139,0.03134221548386817
{'n_neighbors': 7},0.8839450056116721,0.02640351698289706
{'n_neighbors': 9},0.8831988216541061,0.02728327887292457
{'n_neighbors': 5},0.8781483060751354,0.02272007764244271
{'n_neighbors': 3},0.8484291002583685,0.019760562548520384
