params,mean_test_score,std_test_score
{'max_depth': 3},0.83050439774017,0.02265126258010893
{'max_depth': 5},0.8041755579560459,0.03254176348294377
{'max_depth': 7},0.7705827119783759,0.038170683466426845
{'max_depth': 15},0.7328454863414212,0.056902768735288684
{'max_depth': None},0.7328454863414212,0.056902768735288684
{'max_depth': 10},0.7287718298964911,0.0438958489831971
