params,mean_test_score,std_test_score
{'C': 1},0.8996658545710036,0.020900628213911
{'C': 0.1},0.8919561678911272,0.021099785724371663
{'C': 0.01},0.8828906324028274,0.02206829106155589
{'C': 10},0.8662385090569371,0.02473792822488502
{'C': 100},0.8273400813780217,0.017302920266165527
