params,mean_test_score,std_test_score
{'n_neighbors': 21},0.8928510874852339,0.031170433402796044
{'n_neighbors': 15},0.8899749738367625,0.027511113246180136
{'n_neighbors': 11},0.8884010910298172,0.026492475503440194
{'n_neighbors': 7},0.8838551381369809,0.025465227386604377
{'n_neighbors': 9},0.8828649955885728,0.029268294815975354
{'n_neighbors': 5},0.8780409262523083,0.02212522662524123
{'n_neighbors': 3},0.8493767920326185,0.02533531838119998
