params,mean_test_score,std_test_score
{'var_smoothing': np.float64(1e-11)},0.8850644587771959,0.019361338193008833
{'var_smoothing': np.float64(1e-10)},0.8850644587771959,0.019361338193008833
{'var_smoothing': np.float64(1e-09)},0.8850644587771959,0.019361338193008833
{'var_smoothing': np.float64(1e-08)},0.8850644587771959,0.019361338193008833
{'var_smoothing': np.float64(1e-07)},0.8850644587771959,0.019361338193008833
