params,mean_test_score,std_test_score
{'C': 1},0.9008050837048127,0.02361507655590605
{'C': 10},0.9000582504918547,0.024452589669127372
{'C': 100},0.9000216395067342,0.024557615768380746
{'C': 0.1},0.89718526379773,0.019874680840847227
{'C': 0.01},0.8868609659937572,0.01775464787284572
