params,mean_test_score,std_test_score
{'C': 1},0.8985452397647519,0.021255149851215814
{'C': 0.1},0.8926319690547333,0.02032652006124504
{'C': 0.01},0.8859104420622035,0.02102498755129996
{'C': 10},0.8667395657639559,0.029167761311254342
{'C': 100},0.8257936673383828,0.02700697221635608
