params,mean_test_score,std_test_score
{'reg_param': 0.3},0.8968332410337831,0.025191326916406267
{'reg_param': 0.5},0.8942515769887043,0.023356813465940065
{'reg_param': 0.1},0.8939645639916642,0.026674053803229403
{'reg_param': 0.7},0.8883177547134187,0.021692473113360165
{'reg_param': 0.0},,
