params,mean_test_score,std_test_score
{'C': 1},0.8992456775383605,0.02338041943694218
{'C': 10},0.8990554492180507,0.024487836161875963
{'C': 100},0.8989417347682929,0.024959943772483215
{'C': 0.1},0.8951422501015998,0.01933929111076624
{'C': 0.01},0.8843704995195509,0.017692477653123182
