model,train_roc_auc,cv_roc_auc,test_roc_auc
DecisionTree,0.854368,0.825098,0.868305
GaussianNB,0.895032,0.885064,0.917444
LDA,0.909539,0.89948,0.922166
LogisticRegression,0.913288,0.899246,0.920373
QDA,0.914401,0.896683,0.90483
RandomForest,0.940547,0.89135,0.936155
SVM,0.948717,0.899666,0.921808
kNN,0.912907,0.892755,0.914096
