model,train_roc_auc,cv_roc_auc,test_roc_auc
DecisionTree,0.854368,0.830504,0.868305
GaussianNB,0.895032,0.88677,0.917444
LDA,0.909539,0.900859,0.922166
LogisticRegression,0.913288,0.900805,0.920373
QDA,0.914401,0.896833,0.90483
RandomForest,0.940547,0.892731,0.936155
SVM,0.948717,0.898545,0.921808
kNN,0.912907,0.892851,0.914096
